#,What is your age?,Which country do you currently live in?,How do you describe your gender?,Other,How do you describe your sexual orientation?,Other,What is your current relationship status?,Have you used condoms during the past 12 months?,With a new partner,Casual sex,In a long-term relationship,When travelling,I always use condoms,Other,What is your main reason for using condoms?,"If pregnancy were already prevented by another method, how likely would you be to use a condom with a new or casual partner?",RFSU,Durex,MR SIZE,ONE,LELO,I never buy condoms,I don't remember,Other,Who normally buys the condoms you use?,Other,Pharmacy,Supermarket,Convenience store,Online,Sex shop,Delivery app,Hotel,Nightclub / bar,Vending machine,Not applicable,Safety / trust,Fit,Lubrication,Price,Brand,Packaging / design,Discretion,Sustainability,Availability,Other,Do you normally carry condoms with you?,I don't expect to need one,I forget,I don't like how condom packaging looks,It feels awkward or embarrassing to carry them,My partner normally has them,I can usually buy one when needed,I don't use condoms often,Other,Do you normally keep condoms at home?,I don't expect to need them,I forget to buy them,I'm in a relationship and use another contraceptive method,I don't like using condoms,My partner normally provides them,I don't want condoms visible at home,I don't like the way the packaging looks,Other,Have you ever wanted to use a condom during sex but ended up not using one?,Neither of us had one,We didn't want to interrupt the moment,My partner didn't want to use one,I felt awkward suggesting it,We relied on another form of contraception,I didn't think the STI risk was high,Condoms reduce sensation,Alcohol or drugs affected the decision,Other,I would be more likely to carry condoms with me.,I would be more likely to keep condoms easily accessible at home.,I would be willing to pay more for a better product and better-designed packaging.,Brand's own website,Department store,Hotel room / minibar,Pharmacy,Supermarket,Convenience store,Fashion / concept store,Nightclub / bar,Restaurant bathroom,Gym,Delivery app,Vending machine,Other,Which of these is most appealing to you?,Looks most premium,Looks most stylish,Feels most trustworthy,Most discreet,Most distinctive,Looks highest quality,I would feel comfortable carrying it,I would be comfortable leaving it visible at home,I like the colours,I like the logo / typography,Other,Do you have a second favorite?,Looks most premium,Looks most stylish,Feels most trustworthy,Most discreet,Most distinctive,Looks highest quality,I would feel comfortable carrying it,I would be comfortable leaving it visible at home,I like the colours,I like the logo / typography,Other,What is the maximum price you would be willing to pay for a pack of 12 premium condoms?,Is there anything else you’d like to share with us?,Response Type,Start Date (UTC),Stage Date (UTC),Submit Date (UTC),Network ID,Tags,Ending
nkhh9o87lmaicdnkhhxv48tou9o9uy80,43 +,Sweden,Woman,,Heterosexual,,Married,No,With a new partner,,,,,,Both STI and pregnancy protection,Likely,,,,,,I never buy condoms,,,My partner,,,,,,,,,,,Not applicable,Safety / trust,Fit,,,,,,,Availability,,Never,I don't expect to need one,,,,,,,,Never,,,I'm in a relationship and use another contraceptive method,,,,,,"Yes, once or twice",,,,I felt awkward suggesting it,,,,,,Probably,Maybe,Probably,Brand's own website,,Hotel room / minibar,,Supermarket,,,,,,,,,choice 2,,Looks most stylish,,,,,,,,I like the logo / typography,,choice 4,,Looks most stylish,,,,,,,,I like the logo / typography,,169 SEK,,completed,2026-08-23 17:27:41,,2026-08-23 17:36:06,9a3e53809a,,"Thank you for taking part 
in the BEAR condoms survey!"
wdlg3lpc3nlmyimbawdlg3lqt1sd7a02,38 to 43,Sweden,Woman,,Bisexual,,Living with a partner,No,With a new partner,,,,,,Protection against STIs,Very likely,,,,,,I never buy condoms,,,Me,,Pharmacy,,,,,,,,,,Safety / trust,Fit,Lubrication,,,,,,,,Never,I don't expect to need one,,,,,,,,Always,,,,,,,,,"Yes, once or twice",,We didn't want to interrupt the moment,,,,,,,,Definitely,Definitely,Probably,,,,,Supermarket,,,,,,,,,choice 2,,Looks most stylish,,,,,,,,,,choice 6,,,,,,,,,I like the colours,,,169 SEK,,completed,2026-08-23 17:22:18,,2026-08-23 17:26:08,72beddff7c,,"Thank you for taking part 
in the BEAR condoms survey!"
k2xs8ihtii7qivpqpk2xs8i6b1mi8aza,28 to 33,Sweden,Man,,Heterosexual,,Single,Frequently,,Casual sex,,,,,Both STI and pregnancy protection,Very likely,RFSU,,,,,,,,Me,,Pharmacy,Supermarket,,,,,,,,,Safety / trust,Fit,Lubrication,,,,,,,,Sometimes,,,,,,,,,Always,,,,,,,,,"Yes, several times",Neither of us had one,,,,,I didn't think the STI risk was high,,,,Probably not,Probably not,Probably,Brand's own website,,Hotel room / minibar,Pharmacy,Supermarket,,,,Restaurant bathroom,,,,,choice 2,,,,,,Looks highest quality,,,,,,choice 6,,Looks most stylish,,,,,,,,,,199 SEK,,completed,2026-08-23 15:31:19,,2026-08-23 15:37:39,e01ab4103f,,"Thank you for taking part 
in the BEAR condoms survey!"
8i9xrkwcs2dhwkg31wtti8i9xrkw7akr,28 to 33,Sweden,Woman,,Heterosexual,,Living with a partner,No,With a new partner,,,,,,I don't normally use condoms,Very likely,RFSU,Durex,,,,,,,Both of us,,,Supermarket,,,,,,,,,Safety / trust,,,,,,,Sustainability,Availability,,Never,,,,,,,I don't use condoms often,,Rarely,,,I'm in a relationship and use another contraceptive method,,,,,,No,,,,,,,,,,Maybe,Maybe,Probably,Brand's own website,Department store,,Pharmacy,Supermarket,Convenience store,,,,,,,,choice 6,,,,,,,,I would be comfortable leaving it visible at home,I like the colours,,,choice 1,,,,,,,I would feel comfortable carrying it,,I like the colours,I like the logo / typography,,149 SEK,,completed,2026-08-23 11:47:15,,2026-08-23 11:51:56,61da9e8d86,,"Thank you for taking part 
in the BEAR condoms survey!"
3n6psbnuqk045wqbi05ld3n6pp09ficj,28 to 33,Sweden,Man,,Heterosexual,,Living with a partner,No,With a new partner,Casual sex,,,,,Both STI and pregnancy protection,Likely,RFSU,,,,,,,,Me,,,Supermarket,,,,,,,,,Safety / trust,,,Price,,,,,Availability,,Never,I don't expect to need one,,,,,,,,Never,,,I'm in a relationship and use another contraceptive method,,,,,,"Yes, once or twice",,We didn't want to interrupt the moment,,,,,,,,Probably not,Probably not,Probably,Brand's own website,Department store,,Pharmacy,Supermarket,Convenience store,,,,,,,,choice 2,,,,Most discreet,,,,,,,,choice 6,,Looks most stylish,,,,,,,,,,149 SEK,,completed,2026-08-23 11:45:18,,2026-08-23 11:51:54,63e944df8c,,"Thank you for taking part 
in the BEAR condoms survey!"
4g32ez52f2n2gcgt7x4g32ewnrbfvu0n,33 to 38,Sweden,Woman,,Heterosexual,,In a relationship,No,With a new partner,,,,,,Both STI and pregnancy protection,Likely,RFSU,,,,,,,,Me,,,,,,,,,,,,Safety / trust,Fit,,,,,,Sustainability,,,Rarely,,,,,,I can usually buy one when needed,,,Sometimes,,,,,,,,,No,,,,,,,,,,Probably not,Probably not,Maybe,Brand's own website,,,Pharmacy,Supermarket,Convenience store,,,,,,,,choice 6,,,,,,,,,I like the colours,,,,,,,,,,,,I like the colours,,,129 SEK,,completed,2026-08-23 05:46:34,,2026-08-23 05:51:33,d96d76b254,,"Thank you for taking part 
in the BEAR condoms survey!"
094l670z9fs8dw09uueyrxpawxlgcu6k,28 to 33,Sweden,Woman,,Heterosexual,,Single,No,With a new partner,,,,,,Protection against STIs,Very likely,,,,,,I never buy condoms,,,My partner,,,,Convenience store,,,,,,,,,,,Price,,Packaging / design,,,Availability,,Never,,,,,,,I don't use condoms often,,Rarely,,,,I don't like using condoms,,,,,"Yes, several times",,We didn't want to interrupt the moment,My partner didn't want to use one,,,,,,,Probably not,Definitely not,Definitely not,Brand's own website,,,,,,,,Restaurant bathroom,,,,,choice 1,,Looks most stylish,,,,,,,I like the colours,,,choice 3,,,,,Most distinctive,,,,,,,199 SEK,Great initiative,completed,2026-08-22 21:11:21,,2026-08-22 21:27:47,d16385b6b0,,"Thank you for taking part 
in the BEAR condoms survey!"
mvg7zngb9oe6n0f990mmvg7zngvyla5g,28 to 33,Sweden,Woman,,Heterosexual,,Single,No,With a new partner,,,,,,I don't normally use condoms,Rarely,,,,,,,I don't remember,,My partner,,,,,Online,,,,,,,Safety / trust,Fit,Lubrication,,,,,,,,Never,,,,,,,I don't use condoms often,,Always,,,,,,,,,"Yes, once or twice",,,,,,I didn't think the STI risk was high,,,,Maybe,Probably,Definitely,Brand's own website,,Hotel room / minibar,,,,,,,,,,,,Looks most premium,,,,,Looks highest quality,,I would be comfortable leaving it visible at home,I like the colours,,,,,Looks most stylish,Feels most trustworthy,,,,,I would be comfortable leaving it visible at home,I like the colours,I like the logo / typography,,169 SEK,,completed,2026-08-22 16:33:00,,2026-08-22 16:45:14,8ee5766577,,"Thank you for taking part 
in the BEAR condoms survey!"
w9hwjep3ftyc7wbcpw9hwjo8q5edjstk,23 to 28,Sweden,Woman,,Heterosexual,,Living with a partner,Once or twice,With a new partner,,,,,,I don't normally use condoms,Rarely,RFSU,,,,,,,,,We don’t use condoms,Pharmacy,Supermarket,,,,,,,,,Safety / trust,,,,Brand,Packaging / design,,,,,Never,I don't expect to need one,,,,,,I don't use condoms often,,Usually,,,,,,,,,"Yes, several times",,,,I felt awkward suggesting it,,,,,,Maybe,Probably,Maybe,Brand's own website,,,Pharmacy,Supermarket,Convenience store,,,,,,,,choice 4,Looks most premium,,,Most discreet,,Looks highest quality,,,,I like the logo / typography,,choice 3,,Looks most stylish,,,,,,,I like the colours,,,169 SEK,,completed,2026-08-22 10:45:28,,2026-08-22 10:49:44,36682c2d1e,,"Thank you for taking part 
in the BEAR condoms survey!"
gfk13wzbc17mv2gfk13fcpxz2be9hq4r,28 to 33,Sweden,Man,,Heterosexual,,Living with a partner,Once or twice,With a new partner,Casual sex,,,,,Protection against STIs,Very likely,,Durex,,,,,,,Both of us,,Pharmacy,Supermarket,,,,,,,,,,Fit,Lubrication,Price,,,,,,,Rarely,,,,,,,I don't use condoms often,,Usually,,,,,,,,,"Yes, once or twice",,,,,,,Condoms reduce sensation,,,Probably not,Probably not,Probably,Brand's own website,Department store,,Pharmacy,Supermarket,Convenience store,,,,,,,,,,,,,,,,,,,N,,,,,,,,,,,,To strong identity,129 SEK,,completed,2026-08-22 08:36:43,,2026-08-22 08:42:38,164753ae6b,,"Thank you for taking part 
in the BEAR condoms survey!"
iobzwnqfsk0io3vnrnpbq06rhlcjy3vn,23 to 28,Sweden,Woman,,Heterosexual,,In a relationship,Occasionally,With a new partner,Casual sex,,,,,Pregnancy prevention,Always,,Durex,,,,,,,Both of us,,Pharmacy,Supermarket,,,,,,,,,,Fit,,,,Packaging / design,Discretion,,,,Rarely,I don't expect to need one,,,,,,,,Usually,,,,,,,,,"Yes, several times",,We didn't want to interrupt the moment,My partner didn't want to use one,,,,,,,Definitely,Probably,Probably,Brand's own website,,,Pharmacy,Supermarket,,,,,,,,,choice 3,,Looks most stylish,,,Most distinctive,,,,I like the colours,,,choice 2,Looks most premium,,,Most discreet,,Looks highest quality,,I would be comfortable leaving it visible at home,,,,169 SEK,,completed,2026-08-22 08:28:41,,2026-08-22 08:35:43,75f48ee798,,"Thank you for taking part 
in the BEAR condoms survey!"
gs3248q4txz5l0pzzpy4o7gs32484ozc,28 to 33,Sweden,Man,,Heterosexual,,Living with a partner,No,With a new partner,,,,,,Protection against STIs,Likely,,,,,,,I don't remember,,,N/A,,,,,,,,,,,Safety / trust,,Lubrication,Price,,,,,,,Never,I don't expect to need one,,,,,,,,Never,I don't expect to need them,,,,,,,,"Yes, once or twice",Neither of us had one,We didn't want to interrupt the moment,,,,,,,,Definitely not,Probably not,Probably not,Brand's own website,,,Pharmacy,Supermarket,Convenience store,,,,,,,,choice 2,,,,,Most distinctive,,,,I like the colours,I like the logo / typography,,,,,,,,,,,,,Dislike the others,149 SEK,,completed,2026-08-22 08:22:51,,2026-08-22 08:29:59,c118eb209f,,"Thank you for taking part 
in the BEAR condoms survey!"
fj7mrw0lt2twm3a8vstdfj7mrz4fs2dp,23 to 28,Greece,Man,,Heterosexual,,In a relationship,Occasionally,,,,,I always use condoms,,Both STI and pregnancy protection,Rarely,,,,,,,,Duo,Me,,,Supermarket,,,,,,,,,,Fit,,Price,,,Discretion,,,,Often,,,,,,,,,Always,,,,,,,,,"Yes, once or twice",Neither of us had one,We didn't want to interrupt the moment,,,,,Condoms reduce sensation,,,Maybe,Probably not,Probably not,,,,Pharmacy,Supermarket,,,,,,Delivery app,Vending machine,,choice 6,,,,,,,,,,I like the logo / typography,,,,,,,,,,,,,"I would mostly trust a cleaner ""pharmacy"" look than a stylish look.",169 SEK,,completed,2026-08-22 08:17:21,,2026-08-22 08:24:55,4dd068f1ed,,"Thank you for taking part 
in the BEAR condoms survey!"
fvlstz95ophlbfsofvlsv4bwaxlfcvgo,28 to 33,Sweden,Woman,,Heterosexual,,Living with a partner,No,,,,,,For fun,I don't normally use condoms,Likely,,,,,,I never buy condoms,,,My partner,,,,,,Sex shop,,,,,,,Fit,Lubrication,,,Packaging / design,,,,,Never,,,,,,,I don't use condoms often,,Rarely,,,I'm in a relationship and use another contraceptive method,,,,,,"Yes, once or twice",,We didn't want to interrupt the moment,,I felt awkward suggesting it,We relied on another form of contraception,,,Alcohol or drugs affected the decision,,Probably not,Maybe,Probably,Brand's own website,Department store,,Pharmacy,,,,,,,Delivery app,,Sexshop online,choice 2,Looks most premium,,Feels most trustworthy,,,,,,I like the colours,,,choice 1,Looks most premium,,Feels most trustworthy,,,Looks highest quality,,,,,,169 SEK,,completed,2026-08-22 07:44:02,,2026-08-22 07:55:09,aa766494fb,,"Thank you for taking part 
in the BEAR condoms survey!"
nbklzwirz5ovidxmah6p2znbklzwnel4,28 to 33,Sweden,Man,,Heterosexual,,Living with a partner,Once or twice,,,In a long-term relationship,,,,Pregnancy prevention,Never,RFSU,,,,,,,,Me,,,Supermarket,,,,,,,,,Safety / trust,Fit,Lubrication,,,,,,,,Rarely,I don't expect to need one,,,,,,,,Usually,,,,,,,,,"Yes, several times",,We didn't want to interrupt the moment,,,,,,,,Probably not,Probably not,Probably,,Department store,,Pharmacy,Supermarket,Convenience store,,,,,Delivery app,,,choice 1,,,,,,,,,I like the colours,I like the logo / typography,,,,,,,,,,,,,A,189 SEK,,completed,2026-08-22 07:26:12,,2026-08-22 07:30:45,3161891655,,"Thank you for taking part 
in the BEAR condoms survey!"
ugl0fz7k2imob231mmorugl0f585joog,28 to 33,Sweden,Man,,Gay / lesbian,,Living with a partner,No,With a new partner,,,,,,Protection against STIs,Always,,,,,,,I don't remember,,Me,,,,,Online,,,,,,,,Fit,,Price,,,,,Availability,,Sometimes,,,,,,,,,Sometimes,,,,,,,,,"Yes, once or twice",,We didn't want to interrupt the moment,,,,,,Alcohol or drugs affected the decision,,Maybe,Maybe,Maybe,Brand's own website,,,Pharmacy,,,,,,,,,,choice 2,Looks most premium,,,,,,,,,,,choice 5,,Looks most stylish,,,,,,,,,,149 SEK,,completed,2026-08-22 07:19:01,,2026-08-22 07:24:07,f0ddeb3d08,,"Thank you for taking part 
in the BEAR condoms survey!"
ymibeqtnwe4xrbh4ymibeyjpwdo70myv,28 to 33,Sweden,Woman,,Heterosexual,,Single,Once or twice,With a new partner,,,,,,Both STI and pregnancy protection,Rarely,RFSU,,,,,,,,My partner,,,,Convenience store,,,,,,,,Safety / trust,Fit,,,,,,,Availability,,Never,,,,It feels awkward or embarrassing to carry them,,,,,Sometimes,,,,,,,,,"Yes, several times",,We didn't want to interrupt the moment,,I felt awkward suggesting it,,,,,,Probably,Probably,Probably,,,,,,Convenience store,,Nightclub / bar,Restaurant bathroom,,Delivery app,Vending machine,,choice 2,Looks most premium,,,Most discreet,,,,,,I like the logo / typography,,,,,,,,,,,,,I don’t like the other designs,199 SEK,,completed,2026-08-22 07:02:54,,2026-08-22 07:08:44,8291477dd8,,"Thank you for taking part 
in the BEAR condoms survey!"
orctlnkb69hhy0p4en4sborctlnk5k6j,23 to 28,Sweden,Woman,,Heterosexual,,Living with a partner,No,With a new partner,,,,,,Both STI and pregnancy protection,Very likely,,,,,,I never buy condoms,,,,Ungdomsmottagningen,,,,,,,,,,Not applicable,Safety / trust,Fit,,,Brand,,,,,,Never,I don't expect to need one,,,,,,I don't use condoms often,,Always,,,,,,,,,"Yes, once or twice",,,My partner didn't want to use one,I felt awkward suggesting it,We relied on another form of contraception,I didn't think the STI risk was high,,,,Definitely not,Definitely not,Definitely not,,,,Pharmacy,Supermarket,Convenience store,,Nightclub / bar,,,,,,choice 4,,,Feels most trustworthy,Most discreet,,,,,,,The others feels more male,choice 6,,,Feels most trustworthy,Most discreet,,,,,I like the colours,,,Less than 129 SEK,,completed,2026-08-22 06:31:33,,2026-08-22 06:42:52,529f9571fe,,"Thank you for taking part 
in the BEAR condoms survey!"
mbh8ql14479q33g66e1mbh8qlmyimv0j,23 to 28,Sweden,Woman,,Bisexual,,Dating someone,Occasionally,With a new partner,Casual sex,,,,,Both STI and pregnancy protection,Likely,,,,,,,,Skyn,Both of us,,,,,,Sex shop,,,,,,Safety / trust,,Lubrication,,,,,,,Material /feel,Rarely,,,,,,,I don't use condoms often,,Always,,,,,,,,,"Yes, several times",,,My partner didn't want to use one,,,I didn't think the STI risk was high,,Alcohol or drugs affected the decision,,Definitely not,Probably not,Definitely not,,,,Pharmacy,Supermarket,,,,,,,Vending machine,,,,,,,,,,,,I like the logo / typography,,choice 1,,,Feels most trustworthy,,,,,,,,,189 SEK,,completed,2026-08-22 06:22:52,,2026-08-22 06:30:26,0d78becb66,,"Thank you for taking part 
in the BEAR condoms survey!"
hkhng1w8thynopwr4trhkhng1fuv6di1,33 to 38,Sweden,Woman,,Bisexual,,Single,No,With a new partner,Casual sex,,,,,Protection against STIs,Very likely,,,,,,I never buy condoms,,,My partner,,,,,,,,,,,Not applicable,Safety / trust,,Lubrication,,,,,,Availability,,Never,I don't expect to need one,,,,,,,,Never,I don't expect to need them,,,,,,,,"Yes, several times",,,,I felt awkward suggesting it,,,,,,Maybe,Definitely,Maybe,,,,Pharmacy,Supermarket,,,,,,,,,choice 1,,,,,,,,I would be comfortable leaving it visible at home,I like the colours,I like the logo / typography,,choice 6,,,,,,,,I would be comfortable leaving it visible at home,I like the colours,I like the logo / typography,,149 SEK,,completed,2026-08-22 05:34:40,,2026-08-22 05:41:15,cdecc15fb6,,"Thank you for taking part 
in the BEAR condoms survey!"
q4gt7tjc6nauuiye562q4gtm9kh4slxk,23 to 28,Sweden,Woman,,Heterosexual,,Living with a partner,No,,,,,,When switching birth control,I don't normally use condoms,Very likely,RFSU,,,,,,,,My partner,,Pharmacy,,,,,,,,,,Safety / trust,Fit,Lubrication,,,,,,,,Never,,,,,,,I don't use condoms often,,Never,,,I'm in a relationship and use another contraceptive method,,,,,,"Yes, several times",,We didn't want to interrupt the moment,,,,,,Alcohol or drugs affected the decision,,Definitely not,Probably not,Probably,Brand's own website,,,Pharmacy,,Convenience store,,Nightclub / bar,Restaurant bathroom,,,,,choice 2,Looks most premium,Looks most stylish,,,,Looks highest quality,,I would be comfortable leaving it visible at home,,,,choice 1,,,,,,,,,I like the colours,I like the logo / typography,,189 SEK,Don’t know if my answer is the most valuable since I’m in along term relationship (and have been for a while) and use other contraceptives . But the idea is very cool!,completed,2026-08-22 05:29:49,,2026-08-22 05:38:05,7a19d4b2bc,,"Thank you for taking part 
in the BEAR condoms survey!"
cql6ngat7ynp9dtm32c8bcql6ngatm15,28 to 33,Sweden,Man,,Heterosexual,,Single,Occasionally,,Casual sex,,,,,Protection against STIs,Rarely,,Durex,,,,,,,Me,,,Supermarket,,,,,,,,,,Fit,Lubrication,Price,,,,,,,Never,I don't expect to need one,,,,,,,,Sometimes,,,,,,,,,"Yes, once or twice",,We didn't want to interrupt the moment,,,We relied on another form of contraception,,,Alcohol or drugs affected the decision,,Probably not,Maybe,Definitely not,,,,,,,,,,,,Vending machine,,choice 5,,,,,,,,I would be comfortable leaving it visible at home,,,,choice 2,,Looks most stylish,,,,Looks highest quality,,,,,,Less than 129 SEK,,completed,2026-08-22 05:14:20,,2026-08-22 05:21:28,85284295ad,,"Thank you for taking part 
in the BEAR condoms survey!"
53zigby3mygz4b0fo53zigc1c8eumxrk,28 to 33,Sweden,Man,,Heterosexual,,Living with a partner,Frequently,With a new partner,Casual sex,,,,,Pregnancy prevention,Likely,RFSU,,,,,,,,Me,,,,Convenience store,Online,,,,,,,,Fit,,,Brand,,,,Availability,,Rarely,,,,,,,I don't use condoms often,,Always,,,,,,,,,"Yes, once or twice",Neither of us had one,We didn't want to interrupt the moment,,I felt awkward suggesting it,,,,Alcohol or drugs affected the decision,,Probably,Probably,Maybe,Brand's own website,,,Pharmacy,Supermarket,Convenience store,,,,,,,,choice 6,Looks most premium,Looks most stylish,,Most discreet,,,,,,,,choice 3,Looks most premium,Looks most stylish,,,,,,,,,,199 SEK,,completed,2026-08-22 05:08:17,,2026-08-22 05:14:48,703672c528,,"Thank you for taking part 
in the BEAR condoms survey!"
pj8pj49oglz2p8wzl7pj8pj4fl9z0qla,28 to 33,Sweden,Man,,Heterosexual,,Dating casually,Occasionally,With a new partner,Casual sex,,When travelling,,,Both STI and pregnancy protection,Very likely,,,,,,,,Ritex,Me,,,,,,,,,,,,Safety / trust,Fit,,Price,,,,,,,Often,,,,,,,,,Always,,,,,,,,,No,,,,,,,,,,Probably not,Probably not,Probably not,,Department store,,Pharmacy,Supermarket,Convenience store,,,,,,,,choice 1,,,,,,,,,,,Most fun,choice 6,,Looks most stylish,,,,,,,,,,129 SEK,,completed,2026-08-22 01:39:45,,2026-08-22 01:45:46,d16385b6b0,,"Thank you for taking part 
in the BEAR condoms survey!"
e2h8xzv6czdpldbcwze2h8xzv68lqkge,23 to 28,Netherlands,Woman,,Heterosexual,,Living with a partner,No,With a new partner,Casual sex,,,,,Both STI and pregnancy protection,Very likely,,Durex,,,,I never buy condoms,I don't remember,,Both of us,,Pharmacy,Supermarket,Convenience store,,,,,,,,Safety / trust,,Lubrication,,,,,,Availability,,Never,,,,,,,I don't use condoms often,,Never,,,I'm in a relationship and use another contraceptive method,,,,,,"Yes, once or twice",Neither of us had one,We didn't want to interrupt the moment,,I felt awkward suggesting it,We relied on another form of contraception,I didn't think the STI risk was high,Condoms reduce sensation,Alcohol or drugs affected the decision,,Maybe,Maybe,Maybe,,,,Pharmacy,Supermarket,Convenience store,,Nightclub / bar,,,,Vending machine,,choice 1,,,,,Most distinctive,,I would feel comfortable carrying it,I would be comfortable leaving it visible at home,I like the colours,,,choice 6,,,,,,,,I would be comfortable leaving it visible at home,I like the colours,I like the logo / typography,,169 SEK,,completed,2026-08-21 22:22:29,,2026-08-21 22:30:41,e54bc62bd4,,"Thank you for taking part 
in the BEAR condoms survey!"
46vqcofz6ujcrf46vfhhhsk25wp6hr7f,23 to 28,Dominican Republic,Woman,,Heterosexual,,Married,No,With a new partner,Casual sex,,,,,Protection against STIs,Never,,Durex,,,,,,,Both of us,,Pharmacy,Supermarket,,,,,,,,,,Fit,Lubrication,,,,Discretion,,,,Never,I don't expect to need one,,,It feels awkward or embarrassing to carry them,,I can usually buy one when needed,,,Usually,,,,,,,,,"Yes, several times",Neither of us had one,We didn't want to interrupt the moment,My partner didn't want to use one,,,,,,,Probably,Definitely,Probably,Brand's own website,Department store,,Pharmacy,,,,,,,Delivery app,,,choice 3,,Looks most stylish,,Most discreet,,,,,I like the colours,I like the logo / typography,,choice 2,Looks most premium,Looks most stylish,,Most discreet,,Looks highest quality,I would feel comfortable carrying it,,,,,149 SEK,,completed,2026-08-21 20:19:39,,2026-08-21 20:25:21,18e6c3aa66,,"Thank you for taking part 
in the BEAR condoms survey!"
7r49oppya80w5yyi67r49ont6pukoa7j,28 to 33,Sweden,Man,,Heterosexual,,Living with a partner,Once or twice,,,In a long-term relationship,,,,Pregnancy prevention,Likely,RFSU,,,,,,,,Both of us,,,Supermarket,,,,,,,,,Safety / trust,Fit,,,,Packaging / design,,,,,Sometimes,,,,,,,,,Always,,,,,,,,,"Yes, once or twice",Neither of us had one,,,,,,,,,Maybe,Maybe,Maybe,,,,,Supermarket,,,,,,,,,choice 6,Looks most premium,,,,Most distinctive,Looks highest quality,,,,,,choice 1,,,,,,,I would feel comfortable carrying it,,I like the colours,I like the logo / typography,,Less than 129 SEK,,completed,2026-08-21 19:50:45,,2026-08-21 19:55:07,15395d76e5,,"Thank you for taking part 
in the BEAR condoms survey!"
0k0ilbioxhtdpuvpaz0k0ilbihvnyznm,28 to 33,Sweden,Man,,Heterosexual,,Living with a partner,Once or twice,With a new partner,,,When travelling,,,Both STI and pregnancy protection,Rarely,RFSU,,,,,,,,Me,,Pharmacy,Supermarket,,,,,,,,,,Fit,Lubrication,Price,,,,,,,Never,I don't expect to need one,,,It feels awkward or embarrassing to carry them,,,,,Usually,,,,,,,,,"Yes, once or twice",,We didn't want to interrupt the moment,,,,,Condoms reduce sensation,,,Probably not,Maybe,Maybe,,,,Pharmacy,Supermarket,,,,,,,,,choice 2,,,,Most discreet,,,,,,,,choice 4,,Looks most stylish,,,,,,,,,,149 SEK,,completed,2026-08-21 19:06:42,,2026-08-21 19:17:22,9b4efdd391,,"Thank you for taking part 
in the BEAR condoms survey!"
3ek3tiwr9laatm2l8v33ek3x4nsl0iw3,28 to 33,Switzerland,Woman,,Heterosexual,,Dating casually,Frequently,With a new partner,,,,,,Both STI and pregnancy protection,Very likely,,,,,,,,SKYN,Both of us,,Pharmacy,,,,,,,,,,Safety / trust,,,,Brand,,,,,Quality rubber as im semi allergic,Rarely,,,,,,I can usually buy one when needed,,,Usually,,,,,,,,,"Yes, several times",,We didn't want to interrupt the moment,,,,I didn't think the STI risk was high,Condoms reduce sensation,Alcohol or drugs affected the decision,,Definitely,Definitely,Definitely,Brand's own website,Department store,Hotel room / minibar,Pharmacy,,,,,Restaurant bathroom,,,,,choice 3,,,,,,,,,,,I like the retro playboy feel with a softer edge. Girly colours would be fun too for pop. Great mood for a direction. Current and can be playful with imagery/ fun photoshoots. In turn it makes you feel fun and sexy.,choice 2,,,,,,,,,,,"I like the imboss and typography - not the black - a little too heavy, bdsm for my interest of purchase.",199 SEK,,completed,2026-08-21 18:30:51,,2026-08-21 18:45:59,8d79602ed1,,"Thank you for taking part 
in the BEAR condoms survey!"
3b7amj144e6urhyk043b7acskl178zdu,23 to 28,Greece,Woman,,Heterosexual,,Single,Occasionally,With a new partner,,,,,,Both STI and pregnancy protection,Very likely,,Durex,,,,,,,Both of us,,,Supermarket,,,,,,,,,Safety / trust,Fit,,,Brand,,,,,,Always,,,,,,,,,Always,,,,,,,,,"Yes, several times",,,,,,I didn't think the STI risk was high,,,,Definitely,Definitely,Probably not,,,,Pharmacy,,,,,,,,,,choice 1,,,,,,,,,I like the colours,,,choice 6,,,,,,,,,,I like the logo / typography,,149 SEK,,completed,2026-08-21 17:17:05,,2026-08-21 17:22:18,8b15178b1a,,"Thank you for taking part 
in the BEAR condoms survey!"
ahyehhwvv2cpeyfnuwbu9ahyehhrv1nq,28 to 33,Sweden,Man,,Heterosexual,,In a relationship,No,With a new partner,Casual sex,,,,,Both STI and pregnancy protection,Rarely,RFSU,,,,,,,,Me,,Pharmacy,,,,,,,,,,,,,Price,,,Discretion,,Availability,,Never,,,,,,,I don't use condoms often,,Sometimes,,,,,,,,,No,,,,,,,,,,Maybe,Probably not,Probably not,,,,Pharmacy,Supermarket,Convenience store,,,,,,Vending machine,,choice 2,,,,Most discreet,,,,,,,,choice 1,,Looks most stylish,,,,,,,,,,149 SEK,,completed,2026-08-21 16:23:01,,2026-08-21 16:26:10,d85f9b9f70,,"Thank you for taking part 
in the BEAR condoms survey!"
d09ebdiq8x9j03d09e0ff818jlpele34,23 to 28,Sweden,Woman,,Heterosexual,,Single,Frequently,,,,,I always use condoms,,Both STI and pregnancy protection,Always,,Durex,,,,,,,My partner,,,Supermarket,,,,,,,,,Safety / trust,,Lubrication,Price,,,,,,,Never,,,,,My partner normally has them,,,,Usually,,,,,,,,,No,,,,,,,,,,Maybe,Maybe,Probably not,,Department store,,,Supermarket,,,,,,,,,choice 4,,Looks most stylish,,,,,,,I like the colours,I like the logo / typography,,choice 3,,Looks most stylish,,,,,,,I like the colours,I like the logo / typography,,129 SEK,,completed,2026-08-21 16:19:09,,2026-08-21 16:26:55,bea9f3d4d3,,"Thank you for taking part 
in the BEAR condoms survey!"
tn70ev966lfwqfxqz6sctn70eveq16uf,23 to 28,Spain,Man,,Gay / lesbian,,Single,No,,,,,I always use condoms,,Protection against STIs,Always,,,,,,,I don't remember,,Me,,,,,,,,,,,,Safety / trust,Fit,Lubrication,,,,,,,,Never,I don't expect to need one,,,,,,,,Always,,,,,,,,,No,,,,,,,,,,Probably,Definitely,Probably,Brand's own website,Department store,,Pharmacy,Supermarket,Convenience store,,,,,,,,choice 6,,Looks most stylish,,,,Looks highest quality,I would feel comfortable carrying it,,,I like the logo / typography,,choice 1,Looks most premium,,,,Most distinctive,Looks highest quality,I would feel comfortable carrying it,,,I like the logo / typography,,149 SEK,,completed,2026-08-21 16:13:57,,2026-08-21 16:21:00,b7a9842c9d,,"Thank you for taking part 
in the BEAR condoms survey!"
vcvjkx9c6vrfxd9vcvj2soeqo6e5kwy4,23 to 28,Greece,Woman,,Heterosexual,,In a relationship,Occasionally,With a new partner,Casual sex,,When travelling,,,Both STI and pregnancy protection,Always,,,,,,,,Duo,Both of us,,,Supermarket,,,,,,,,,Safety / trust,Fit,,,,Packaging / design,,,,,Rarely,,,,,My partner normally has them,,,,Always,,,,,,,,,"Yes, several times",,We didn't want to interrupt the moment,,,,I didn't think the STI risk was high,Condoms reduce sensation,,,Probably,Maybe,Probably,Brand's own website,Department store,,Pharmacy,Supermarket,,,,,,Delivery app,,,choice 6,,,,,,,I would feel comfortable carrying it,I would be comfortable leaving it visible at home,I like the colours,I like the logo / typography,,choice 4,,,,,,,I would feel comfortable carrying it,I would be comfortable leaving it visible at home,,,,219 SEK or more,,completed,2026-08-21 16:06:57,,2026-08-21 16:14:56,e8c0aa8d47,,"Thank you for taking part 
in the BEAR condoms survey!"
cjo3es8xp9iypahcjo3exh1nn6usoi1i,28 to 33,Sweden,Woman,,Heterosexual,,Living with a partner,Occasionally,With a new partner,Casual sex,,,,,Both STI and pregnancy protection,Very likely,RFSU,,,,,,,,Both of us,,Pharmacy,Supermarket,,,,,,,,,Safety / trust,Fit,,,,,,,Availability,,Never,I don't expect to need one,,,,,,,,Rarely,I don't expect to need them,,,,,,,,No,,,,,,,,,,Probably,Maybe,Maybe,Brand's own website,,,Pharmacy,Supermarket,,,,,,,,,choice 6,,Looks most stylish,,,,,,,I like the colours,I like the logo / typography,,choice 3,,,,,,,I would feel comfortable carrying it,,,,,149 SEK,,completed,2026-08-21 15:45:32,,2026-08-21 15:52:18,ff211190bc,,"Thank you for taking part 
in the BEAR condoms survey!"
7b701h441uakv4ll7b701h4wvrer9di9,23 to 28,Sweden,Woman,,Heterosexual,,Single,Once or twice,With a new partner,,,,,,Protection against STIs,Very likely,,Durex,,,,,,,Both of us,,,,,,,,,Nightclub / bar,,,Safety / trust,,Lubrication,Price,,,,,,,Rarely,,,,,,I can usually buy one when needed,,,Usually,,,,,,,,,"Yes, once or twice",,,,,,I didn't think the STI risk was high,,,,Probably not,Probably not,Probably not,,,Hotel room / minibar,,,,,,,,,,,choice 4,,,,,,Looks highest quality,,,,,,choice 3,,,,,,,,,I like the colours,,,149 SEK,,completed,2026-08-21 15:23:26,,2026-08-21 15:27:51,c7ebd8b92c,,"Thank you for taking part 
in the BEAR condoms survey!"
vuavaqp6zccq77lfanbpvuavauxxq7t4,23 to 28,Sweden,Woman,,Bisexual,,Single,Occasionally,With a new partner,Casual sex,,,,,Both STI and pregnancy protection,Very likely,RFSU,,,,,,,,Me,,,,,,,,,,,,Safety / trust,,,Price,,,,Sustainability,,,Often,,,,,,,,,Always,,,,,,,,,"Yes, several times",,We didn't want to interrupt the moment,My partner didn't want to use one,,,,,Alcohol or drugs affected the decision,,Maybe,Probably,Maybe,,,,Pharmacy,Supermarket,,,Nightclub / bar,,,,,,choice 1,,Looks most stylish,,,,Looks highest quality,I would feel comfortable carrying it,I would be comfortable leaving it visible at home,,,,choice 3,,,,,,,I would feel comfortable carrying it,,,I like the logo / typography,,169 SEK,Great idea to have bars sell condoms!,completed,2026-08-21 15:17:32,,2026-08-21 15:27:55,b81c0c05b5,,"Thank you for taking part 
in the BEAR condoms survey!"
34279i6g6gufvueme3427dg1qsr8drpm,28 to 33,Sweden,Woman,,Heterosexual,,Living with a partner,Frequently,,,,,I always use condoms,,Pregnancy prevention,Likely,RFSU,,,,,,,,Both of us,,,,,,,,,,,,Safety / trust,,Lubrication,Price,,,,,,,Sometimes,,,,,,,,,Always,,,,,,,,,"Yes, several times",,We didn't want to interrupt the moment,,,,,,,,Maybe,Probably,Probably not,,Department store,,Pharmacy,Supermarket,Convenience store,,,,,,,,choice 6,,,,,,,,I would be comfortable leaving it visible at home,I like the colours,I like the logo / typography,,choice 5,,,,Most discreet,,,,,,,,169 SEK,,completed,2026-08-21 15:00:07,,2026-08-21 15:05:49,0e91cf9abf,,"Thank you for taking part 
in the BEAR condoms survey!"
ad1f4x9i0jkiked1zgbad1f9b9pauzsl,28 to 33,Sweden,Woman,,Heterosexual,,In a relationship,No,With a new partner,Casual sex,,,,,Protection against STIs,Very likely,,,,,,I never buy condoms,,,My partner,,Pharmacy,Supermarket,,,,,,,,,Safety / trust,Fit,,,,,,Sustainability,,,Never,I don't expect to need one,,,,,,,,Sometimes,,,,,,,,,"Yes, once or twice",,We didn't want to interrupt the moment,,,We relied on another form of contraception,I didn't think the STI risk was high,,,,Probably not,Probably not,Maybe,Brand's own website,,,Pharmacy,,,,,,,Delivery app,,,choice 4,,Looks most stylish,,,,,,,,,,choice 2,,Looks most stylish,,,,,,,,,,169 SEK,,completed,2026-08-21 14:33:40,,2026-08-21 14:40:01,f86b46b1e0,,"Thank you for taking part 
in the BEAR condoms survey!"
jb7kyigg0omy30d5jb7kh5t24g6s50ey,23 to 28,Sweden,Woman,,Heterosexual,,In a relationship,No,,Casual sex,,,,,Protection against STIs,Rarely,,,,,,I never buy condoms,,,,Dont use them,,,,,,,,,,,Safety / trust,Fit,,,,,,,Availability,,Never,,,,,,,I don't use condoms often,,Never,,,I'm in a relationship and use another contraceptive method,,,,,,"Yes, once or twice",,,,I felt awkward suggesting it,We relied on another form of contraception,I didn't think the STI risk was high,,,,Probably not,Probably not,Probably,Brand's own website,,,Pharmacy,,,,,,,,,,choice 4,,,,,,,,,I like the colours,,,choice 1,,Looks most stylish,,,,,,,,,,169 SEK,,completed,2026-08-21 14:23:35,,2026-08-21 14:28:53,b7a4ac20e9,,"Thank you for taking part 
in the BEAR condoms survey!"
lpsryh28vyaxwa754j2tklpsrymwk71r,28 to 33,United States,Woman,,Heterosexual,,In a relationship,No,With a new partner,Casual sex,,,,,I don't normally use condoms,Likely,,,,,,,I don't remember,,,Don’t use condoms,,,,,,,,,,Not applicable,Safety / trust,,,Price,,,,,Availability,,Never,,,,,,,I don't use condoms often,,Never,,,I'm in a relationship and use another contraceptive method,,,,,,No,,,,,,,,,,Probably,Probably,Probably,Brand's own website,,Hotel room / minibar,Pharmacy,Supermarket,Convenience store,,,,,,,,choice 2,Looks most premium,,,Most discreet,,Looks highest quality,,,,I like the logo / typography,,choice 3,,Looks most stylish,,,,Looks highest quality,,,I like the colours,I like the logo / typography,,149 SEK,,completed,2026-08-21 13:38:29,,2026-08-21 13:45:41,84837f104a,,"Thank you for taking part 
in the BEAR condoms survey!"
fcv8pj93588v0h4ksuv6fcv8ptrpi3zq,Below 23,Sweden,Woman,,Heterosexual,,In a relationship,Occasionally,With a new partner,Casual sex,,,,,Protection against STIs,Rarely,RFSU,,,,,,,,Me,,Pharmacy,,,,,,,,,,,Fit,,Price,,,,,Availability,,Never,,,,,,,I don't use condoms often,,Always,,,,,,,,,No,,,,,,,,,,Probably not,Probably not,Definitely,,,,Pharmacy,Supermarket,,,,,,,,,choice 1,,,,,,,,,,I like the logo / typography,,choice 5,,,,Most discreet,,,,,,,,Less than 129 SEK,,completed,2026-08-21 13:35:24,,2026-08-21 13:39:02,9141b35184,,"Thank you for taking part 
in the BEAR condoms survey!"
d4cd6l15kwh7zrp7zxxd4cd6l1q2rc5h,28 to 33,Sweden,Woman,,Heterosexual,,Dating casually,Frequently,,,,,I always use condoms,,Both STI and pregnancy protection,Likely,RFSU,,,,,,,,Me,,,,,,,,,,,,,Fit,,Price,,,,,Availability,,Always,,,,,,,,,Always,,,,,,,,,"Yes, several times",,,My partner didn't want to use one,,,,,Alcohol or drugs affected the decision,,Probably not,Probably not,Maybe,,Department store,,,,Convenience store,,,,,,,,,,,,,,,,,,,I don’t like the brown,choice 4,,Looks most stylish,,Most discreet,,,,,I like the colours,I like the logo / typography,,169 SEK,,completed,2026-08-21 13:33:34,,2026-08-21 13:41:43,2fb3c16050,,"Thank you for taking part 
in the BEAR condoms survey!"
kutvo4nbsreoyu970vvnakutvoy9psfn,28 to 33,Sweden,Woman,,Heterosexual,,Dating someone,Frequently,,,,,I always use condoms,,Pregnancy prevention,Very likely,RFSU,,,,,,,,Both of us,,,Supermarket,,,,,,,,,Safety / trust,Fit,,,,,,,Availability,,Rarely,,,,,My partner normally has them,,,Jag och min partner har hemma hos varandra. Bär endast på det när jag precis köpt nya.,Always,,,,,,,,,No,,,,,,,,,,Probably not,Probably not,Maybe,Brand's own website,,,Pharmacy,Supermarket,,,,,,,,,choice 3,,Looks most stylish,,,,,,I would be comfortable leaving it visible at home,I like the colours,I like the logo / typography,,choice 5,,,,,,,,,I like the colours,,"Gillar inte loggan, men färgskalan är fin. Gillar bäst loggan på C.",169 SEK,Det absolut viktigaste för mig är en kondom som håller kvaliteten och passar min partner. Passform tycker jag är det svåraste.,completed,2026-08-21 13:28:48,,2026-08-21 13:38:22,3f9067d48c,,"Thank you for taking part 
in the BEAR condoms survey!"
h1ziidm7qmwa8cm58h1ziiaebin062kh,23 to 28,Sweden,Man,,Heterosexual,,Living with a partner,No,With a new partner,,,,,,I don't normally use condoms,Rarely,,,,,,I never buy condoms,,,Me,,Pharmacy,,,Online,,,,,,,,Fit,,Price,,,,,Availability,,Never,,,,,,,I don't use condoms often,,Never,,,I'm in a relationship and use another contraceptive method,,,,,,No,,,,,,,,,,Probably not,Probably not,Probably not,,,,Pharmacy,Supermarket,,,,,,,,,choice 2,,Looks most stylish,,,,,,,,,,choice 3,,,,,,,,,,I like the logo / typography,,149 SEK,,completed,2026-08-21 13:27:33,,2026-08-21 13:32:12,2d92e0c126,,"Thank you for taking part 
in the BEAR condoms survey!"
m9tigj15rk92cklw4ll6dm9tigdt4oq3,28 to 33,Sweden,Woman,,Heterosexual,,Living with a partner,Frequently,,,In a long-term relationship,,I always use condoms,,Pregnancy prevention,Never,,Durex,MR SIZE,,,,,,My partner,,,,,Online,,,,,,,Safety / trust,Fit,Lubrication,,,,,,,,Sometimes,,,,,,,,,Always,,,,,,,,,"Yes, several times",,We didn't want to interrupt the moment,,,,I didn't think the STI risk was high,Condoms reduce sensation,,,Probably not,Probably,Maybe,Brand's own website,Department store,,Pharmacy,,,Fashion / concept store,,,,,,,choice 2,Looks most premium,Looks most stylish,,Most discreet,,Looks highest quality,,,,,,choice 1,,,Feels most trustworthy,,Most distinctive,,,I would be comfortable leaving it visible at home,I like the colours,,,169 SEK,,completed,2026-08-21 13:23:39,,2026-08-21 13:27:00,eef7021fd2,,"Thank you for taking part 
in the BEAR condoms survey!"
pajfrruphibtb32883velpajfrruqm0h,28 to 33,Sweden,Man,,Heterosexual,,Single,Once or twice,With a new partner,Casual sex,,,,,Both STI and pregnancy protection,Likely,,,,,,,I don't remember,,Me,,Pharmacy,,,,,,,,,,Safety / trust,,,Price,,,,,Availability,,Rarely,I don't expect to need one,,,,,,,,Always,,,,,,,,,"Yes, several times",Neither of us had one,We didn't want to interrupt the moment,,I felt awkward suggesting it,We relied on another form of contraception,,,Alcohol or drugs affected the decision,,Maybe,Probably,Maybe,,,,Pharmacy,Supermarket,,,,,,Delivery app,,,choice 3,,,,,,Looks highest quality,I would feel comfortable carrying it,I would be comfortable leaving it visible at home,,,,choice 2,Looks most premium,Looks most stylish,,,,,I would feel comfortable carrying it,,,,,189 SEK,Dålig koll på vad kondomer kostar så svårt att uppskatta sista frågan,completed,2026-08-21 13:10:07,,2026-08-21 13:16:30,9a03e996a6,,"Thank you for taking part 
in the BEAR condoms survey!"
xeus3nj7eunf0xhqzfxeus3ovgxgsggc,28 to 33,Sweden,Man,,Heterosexual,,Living with a partner,Once or twice,With a new partner,Casual sex,,,,,Protection against STIs,Likely,,,,,,,I don't remember,,Me,,Pharmacy,,,,,,,,,,,Fit,,Price,,,,,,Having an effect,Never,I don't expect to need one,,,,,,I don't use condoms often,,Usually,,,,,,,,,"Yes, once or twice",,We didn't want to interrupt the moment,,,,,,,,Probably not,Probably not,Maybe,Brand's own website,,,Pharmacy,Supermarket,,,,,,,Vending machine,,choice 4,,Looks most stylish,,,,,,,,,,,,,,,,,,,,,Yes,149 SEK,,completed,2026-08-21 12:58:46,,2026-08-21 13:07:38,404a5da925,,"Thank you for taking part 
in the BEAR condoms survey!"
nn5uxfjo1mn6de9gxq13nn5uqo4uau0a,28 to 33,Sweden,Woman,,Heterosexual,,Married,Occasionally,With a new partner,,In a long-term relationship,,,,Protection against STIs,Likely,,,,,,,I don't remember,,My partner,,,,,,,,,,,,Safety / trust,Fit,,,,,,,Availability,,Rarely,,,,,My partner normally has them,,,,Usually,,,,,,,,,"Yes, once or twice",Neither of us had one,,,,We relied on another form of contraception,I didn't think the STI risk was high,,,,Maybe,Maybe,Probably,Brand's own website,Department store,,,Supermarket,,,,,,Delivery app,,,choice 3,,Looks most stylish,,,Most distinctive,,,,I like the colours,I like the logo / typography,,choice 6,Looks most premium,,,,,Looks highest quality,,,I like the colours,I like the logo / typography,,169 SEK,,completed,2026-08-21 12:34:04,,2026-08-21 12:37:28,8314b6986a,,"Thank you for taking part 
in the BEAR condoms survey!"
nakydkpfyg47syd390nakydkpg4a9l37,28 to 33,Sweden,Woman,,Heterosexual,,Single,Once or twice,With a new partner,,,,,,Protection against STIs,Rarely,,,,,,I never buy condoms,,,My partner,,,,,,,,,,,Not applicable,Safety / trust,Fit,,,,Packaging / design,,,,,Never,I don't expect to need one,,,,My partner normally has them,,I don't use condoms often,,Never,I don't expect to need them,,,,My partner normally provides them,I don't want condoms visible at home,,,"Yes, once or twice",Neither of us had one,We didn't want to interrupt the moment,,,,,,,,Maybe,Maybe,Probably,,,,Pharmacy,Supermarket,Convenience store,Fashion / concept store,,,,,Vending machine,,choice 2,Looks most premium,Looks most stylish,,,,Looks highest quality,,I would be comfortable leaving it visible at home,,,,choice 6,,,,Most discreet,,,,,,,,189 SEK,,completed,2026-08-21 12:24:25,,2026-08-21 12:39:50,5b4b9af5b5,,"Thank you for taking part 
in the BEAR condoms survey!"
6hhre3loaekwk4dd1j6hhre3lkckhjvo,28 to 33,Syria,Man,,Heterosexual,,Single,No,With a new partner,,,,,,Both STI and pregnancy protection,Very likely,,Durex,,,,,,,Me,,,Supermarket,,,,,,,,,Safety / trust,Fit,Lubrication,,,,,,,,Sometimes,,,,,,,,,Always,,,,,,,,,"Yes, once or twice",Neither of us had one,,,,,,,,,Probably not,Probably not,Maybe,Brand's own website,,,,Supermarket,Convenience store,,,,,Delivery app,Vending machine,,choice 2,,,,Most discreet,,,,,,,,choice 3,,Looks most stylish,,,,Looks highest quality,,,,,,149 SEK,,completed,2026-08-21 12:21:13,,2026-08-21 12:24:17,65bd9b57e3,,"Thank you for taking part 
in the BEAR condoms survey!"
6fd3nj26xejdmph6fd3acsb9gy1sw4hp,23 to 28,Sweden,Woman,,Bisexual,,Single,Frequently,With a new partner,Casual sex,,When travelling,,,Protection against STIs,Very likely,,Durex,,,,,,,Both of us,,Pharmacy,,,Online,,,,,,,,Fit,,Price,Brand,,,,,,Sometimes,,,,,,,,,Usually,,,,,,,,,"Yes, once or twice",Neither of us had one,,,,,I didn't think the STI risk was high,,,,Probably not,Probably not,Maybe,Brand's own website,,,Pharmacy,,,,,,,,,,choice 1,,Looks most stylish,,,,,I would feel comfortable carrying it,,I like the colours,I like the logo / typography,,choice 3,,Looks most stylish,,,,,,,I like the colours,I like the logo / typography,,169 SEK,,completed,2026-08-21 12:20:09,,2026-08-21 12:26:17,e265fdf779,,"Thank you for taking part 
in the BEAR condoms survey!"
hsrdwa6jrbirwmy07hsr9it2uihovjsm,28 to 33,Sweden,Woman,,Heterosexual,,Living with a partner,No,With a new partner,,,,,,Both STI and pregnancy protection,Always,,,,,,I never buy condoms,,,My partner,,,,,,,,,,,Not applicable,,,Lubrication,,,Packaging / design,,,Availability,,Never,I don't expect to need one,,,,My partner normally has them,,,,Rarely,I don't expect to need them,,I'm in a relationship and use another contraceptive method,,,,,,"Yes, once or twice",,We didn't want to interrupt the moment,,,,,,,,Maybe,Maybe,Definitely,,,,,Supermarket,Convenience store,,,,,Delivery app,,,choice 2,Looks most premium,Looks most stylish,,Most discreet,,Looks highest quality,,,,,,choice 4,,,,,,,,,I like the colours,,,199 SEK,,completed,2026-08-21 12:09:11,,2026-08-21 12:14:08,008b583021,,"Thank you for taking part 
in the BEAR condoms survey!"
6l7w8685y42jlpn6l7w86fwz81x173mh,23 to 28,Sweden,Woman,,Heterosexual,,Dating casually,Frequently,With a new partner,,,,,,Protection against STIs,Likely,,,,,,I never buy condoms,,,My partner,,,,,,,,,,,Not applicable,Safety / trust,,Lubrication,Price,,,,,,,Never,,,,,My partner normally has them,,,,Usually,,,,,,,,,"Yes, once or twice",,We didn't want to interrupt the moment,,,,,,,,Probably not,Probably not,Probably not,,,,Pharmacy,Supermarket,,,,,,,,,choice 3,,Looks most stylish,,,,,,,I like the colours,,,choice 2,Looks most premium,Looks most stylish,,,,Looks highest quality,,,,,,Less than 129 SEK,,completed,2026-08-21 11:52:14,,2026-08-21 11:56:48,a28497d0c7,,"Thank you for taking part 
in the BEAR condoms survey!"
p8temecm77pd2o11p8temf3915e675k9,28 to 33,Sweden,Woman,,Heterosexual,,Living with a partner,No,With a new partner,Casual sex,,,,,Protection against STIs,Very likely,,,,,,I never buy condoms,,,,I dont use condoms,,,,,,,,,,Not applicable,Safety / trust,,,,Brand,,,,Availability,,Never,,,,,,,I don't use condoms often,,Never,I don't expect to need them,,I'm in a relationship and use another contraceptive method,,,,,,"Yes, several times",Neither of us had one,,My partner didn't want to use one,I felt awkward suggesting it,,I didn't think the STI risk was high,,Alcohol or drugs affected the decision,Dis not think about it when I was younger Im afraid,Probably,Maybe,Definitely,,,Hotel room / minibar,Pharmacy,Supermarket,Convenience store,,,,,Delivery app,,,choice 1,Looks most premium,Looks most stylish,,,,,,,I like the colours,I like the logo / typography,,choice 2,,,,Most discreet,,,,I would be comfortable leaving it visible at home,I like the colours,,I felt likt it was branded towards men/gays with the man on the last package. Also it doesnt do with my style.,199 SEK,"My answers might not have been most accurate on some questions regaring why I do not buy condoms, after 5 years in a stable relationship.",completed,2026-08-21 11:45:59,,2026-08-21 11:54:42,a0e5507a3c,,"Thank you for taking part 
in the BEAR condoms survey!"
g7jk3ksqtqrcdv2sdppsg7jk3bgoaysm,28 to 33,Sweden,Man,,Heterosexual,,Living with a partner,No,,,In a long-term relationship,,,,I don't normally use condoms,Never,RFSU,,,,,,,,Both of us,,,,,Online,,,,,,,Safety / trust,Fit,Lubrication,,,,,,,,Never,,,,,,,I don't use condoms often,,Always,,,,,,,,,"Yes, once or twice",Neither of us had one,,,,,,,,,Probably not,Probably not,Definitely not,Brand's own website,,,Pharmacy,Supermarket,,,,,,,,,choice 3,,Looks most stylish,,,,,,,,,,choice 4,Looks most premium,,,,,,,,,,,129 SEK,,completed,2026-08-21 11:44:17,,2026-08-21 12:01:44,dc0f7a73a7,,"Thank you for taking part 
in the BEAR condoms survey!"
qu6kclg5yzh7azakqu6kcew9urch44vu,23 to 28,Sweden,Man,,Heterosexual,,Single,Occasionally,With a new partner,Casual sex,,When travelling,,,Pregnancy prevention,Rarely,RFSU,,,,,,,,Me,,Pharmacy,Supermarket,,,,,,,,,,Fit,Lubrication,,,Packaging / design,,,,,Rarely,,,I don't like how condom packaging looks,It feels awkward or embarrassing to carry them,,,,,Usually,,,,,,,,,No,,,,,,,,,,Probably,Probably,Probably,Brand's own website,,,Pharmacy,Supermarket,Convenience store,,,,,,,,choice 5,,,,,Most distinctive,,,,,I like the logo / typography,,choice 3,,,,,,,I would feel comfortable carrying it,I would be comfortable leaving it visible at home,I like the colours,,,169 SEK,,completed,2026-08-21 11:43:24,,2026-08-21 11:49:14,d8942d2cc6,,"Thank you for taking part 
in the BEAR condoms survey!"
k7dy7s7y6vhnwsc7k7dy7sxu7as8kw74,23 to 28,Sweden,Man,,Heterosexual,,In a relationship,Occasionally,,,In a long-term relationship,,,,My partner prefers condoms,Rarely,RFSU,Durex,MR SIZE,,,,,,Me,,Pharmacy,,,Online,,,,,,,Safety / trust,Fit,Lubrication,,,,,,,,Rarely,,,,,,,,I have them at home,Always,,,,,,,,,No,,,,,,,,,,Probably not,Definitely not,Definitely not,,,,Pharmacy,Supermarket,Convenience store,,,,,,,,choice 2,,Looks most stylish,,Most discreet,Most distinctive,Looks highest quality,,,,,,choice 4,,,,Most discreet,Most distinctive,,,,,,,Less than 129 SEK,,completed,2026-08-21 11:42:50,,2026-08-21 11:51:35,b9990e9d3d,,"Thank you for taking part 
in the BEAR condoms survey!"
0xxrq2m59hd40fyyjpv0xxrcrxby9k0x,33 to 38,Sweden,Woman,,Heterosexual,,Married,No,,,In a long-term relationship,,,,I don't normally use condoms,Very likely,,,,,,,I don't remember,,Me,,,Supermarket,,,,,,,,,Safety / trust,,Lubrication,,,,,,Availability,,Never,,,,,,,I don't use condoms often,,Never,,,I'm in a relationship and use another contraceptive method,,,,,,"Yes, once or twice",,,,,,,Condoms reduce sensation,,,Probably not,Maybe,Probably,Brand's own website,,,Pharmacy,Supermarket,Convenience store,,,,,,,,choice 3,,Looks most stylish,,,,,,,I like the colours,I like the logo / typography,,choice 4,,,,,,,,,I like the colours,,,189 SEK,,completed,2026-08-21 11:37:26,,2026-08-21 11:46:28,5f8a6a7779,,"Thank you for taking part 
in the BEAR condoms survey!"
3k4zgk48jn70zugnc4o293k4zgkamx6j,23 to 28,Sweden,Woman,,Heterosexual,,Living with a partner,No,With a new partner,,,,,,Protection against STIs,Rarely,,,,,,I never buy condoms,,,My partner,,,,,,,,,,,Not applicable,Safety / trust,Fit,Lubrication,,,,,,,,Never,I don't expect to need one,,,,,,I don't use condoms often,,Usually,,,,,,,,,"Yes, once or twice",,We didn't want to interrupt the moment,,I felt awkward suggesting it,We relied on another form of contraception,I didn't think the STI risk was high,,,,Definitely not,Definitely not,Definitely not,Brand's own website,,,Pharmacy,Supermarket,,,,,,,,,choice 4,,,,Most discreet,,,,,I like the colours,,,choice 6,,Looks most stylish,,Most discreet,,,,,I like the colours,,,149 SEK,,completed,2026-08-21 11:36:04,,2026-08-21 11:41:41,518bc1fa8b,,"Thank you for taking part 
in the BEAR condoms survey!"
vjun9bfkdclhowz2eml7vjun9bfau1wj,28 to 33,Sweden,Woman,,Heterosexual,,Living with a partner,No,With a new partner,Casual sex,,When travelling,,,Both STI and pregnancy protection,Likely,,,,,,I never buy condoms,,,My partner,,,,,,,,,,,Not applicable,,Fit,,,,Packaging / design,Discretion,,,,Rarely,I don't expect to need one,,,,,,,,Sometimes,,,,,,,,,"Yes, several times",,,,I felt awkward suggesting it,,,,,,Probably,Probably not,Probably,,,,Pharmacy,,,Fashion / concept store,,,,,,,choice 6,Looks most premium,Looks most stylish,,,,,,I would be comfortable leaving it visible at home,,I like the logo / typography,,choice 3,,Looks most stylish,,,,,,,I like the colours,,,169 SEK,,completed,2026-08-21 11:30:14,,2026-08-21 11:36:26,051a5f69f8,,"Thank you for taking part 
in the BEAR condoms survey!"
oja3ayh7cls8uenmcql8oja3rt9d49xx,23 to 28,Sweden,Woman,,Heterosexual,,Single,Once or twice,With a new partner,,,When travelling,,,Protection against STIs,Rarely,,,,,,,,Esme,Both of us,,,,,Online,,,,,,,,Fit,Lubrication,,,,,Sustainability,,,Rarely,,,,,,,I don't use condoms often,,Sometimes,,,,,,,,,"Yes, once or twice",Neither of us had one,We didn't want to interrupt the moment,,,We relied on another form of contraception,,,Alcohol or drugs affected the decision,,Probably not,Maybe,Probably,Brand's own website,,,,Supermarket,,,,,,,Vending machine,,,,,,,,,,,,,Mer minimalistisk?,choice 1,,,,,,,,I would be comfortable leaving it visible at home,,,,219 SEK or more,,completed,2026-08-21 11:29:45,,2026-08-21 11:35:37,c6d9fca8e4,,"Thank you for taking part 
in the BEAR condoms survey!"
kc6wm1uswa1n681pfh9kc6wm11u058od,28 to 33,Sweden,Man,,Heterosexual,,Living with a partner,Once or twice,,Casual sex,,,,,Both STI and pregnancy protection,Likely,RFSU,,,,,,,,Both of us,,,,,,,,,,,,,Fit,,Price,,,,,Availability,,Sometimes,,,,,,,,,Usually,,,,,,,,,"Yes, once or twice",Neither of us had one,We didn't want to interrupt the moment,,I felt awkward suggesting it,,,,Alcohol or drugs affected the decision,,Maybe,Maybe,Maybe,Brand's own website,,,Pharmacy,,,,Nightclub / bar,Restaurant bathroom,,Delivery app,,,choice 6,,Looks most stylish,,,,,,I would be comfortable leaving it visible at home,I like the colours,I like the logo / typography,,choice 1,,Looks most stylish,,,,,I would feel comfortable carrying it,I would be comfortable leaving it visible at home,I like the colours,I like the logo / typography,,Less than 129 SEK,,completed,2026-08-21 10:55:50,,2026-08-21 11:02:32,c669b5b1a2,,"Thank you for taking part 
in the BEAR condoms survey!"
bhfnvbsruxvprpjcmeq8bhfiabahxooc,23 to 28,Sweden,Woman,,Heterosexual,,In a relationship,Once or twice,,,In a long-term relationship,,,,Pregnancy prevention,Always,,,,,,,I don't remember,,My partner,,Pharmacy,,,,,,,,,,Safety / trust,Fit,Lubrication,,,,,,,,Never,I don't expect to need one,,,,,,,,Usually,,,,,,,,,"Yes, once or twice",Neither of us had one,,,,,,,,,Probably,Probably,Probably not,,Department store,,Pharmacy,Supermarket,,,,,,,Vending machine,,choice 4,Looks most premium,,,,,,,,,,,choice 2,,Looks most stylish,,,,,,,,,,149 SEK,,completed,2026-08-21 10:45:28,,2026-08-21 10:53:53,2d92e0c126,,"Thank you for taking part 
in the BEAR condoms survey!"
zqxuj10jypirbjfz55c35p0baazyfmi5,23 to 28,Sweden,Woman,,Heterosexual,,In a relationship,Occasionally,With a new partner,Casual sex,In a long-term relationship,,,,Both STI and pregnancy protection,Very likely,RFSU,,,,,,,,My partner,,,,,Online,,,,,,,Safety / trust,Fit,Lubrication,,,,,,,,Never,,,I don't like how condom packaging looks,,,,I don't use condoms often,,Always,,,,,,,,,"Yes, several times",,We didn't want to interrupt the moment,My partner didn't want to use one,,,,Condoms reduce sensation,,,Probably not,Maybe,Maybe,Brand's own website,,Hotel room / minibar,,,,,,,,Delivery app,Vending machine,,choice 6,,,Feels most trustworthy,,,Looks highest quality,,,I like the colours,I like the logo / typography,,choice 5,,,,Most discreet,,,,,,,,149 SEK,,completed,2026-08-21 10:39:21,,2026-08-21 10:49:59,2fb3c16050,,"Thank you for taking part 
in the BEAR condoms survey!"
buggls4chfl7gje3fyjmjxzbuggls4ru,28 to 33,Sweden,Woman,,Heterosexual,,Single,Once or twice,With a new partner,,,,,,Protection against STIs,Rarely,,,,,,,I don't remember,,,Got from friend,,,,,,,,,,Not applicable,Safety / trust,Fit,,,,,,,Availability,,Never,,,,,,,I don't use condoms often,,Sometimes,,,,,,,,,"Yes, once or twice",Neither of us had one,,,,,,,,,Maybe,Definitely,Probably,,,Hotel room / minibar,Pharmacy,,Convenience store,,,Restaurant bathroom,,Delivery app,,,choice 2,Looks most premium,,,Most discreet,,Looks highest quality,,,I like the colours,,,choice 4,,,,,,,I would feel comfortable carrying it,,I like the colours,I like the logo / typography,,149 SEK,,completed,2026-08-21 10:27:42,,2026-08-21 10:32:54,370fdcacfb,,"Thank you for taking part 
in the BEAR condoms survey!"
7ppppjkm3m9hsmq1dyu07ppppnk07j13,38 to 43,Sweden,Man,,Heterosexual,,Married,Frequently,,,,,I always use condoms,,Pregnancy prevention,Very likely,RFSU,,,,,,,,Me,,,,,,,,,,,,Safety / trust,Fit,,,,,,,Availability,,Sometimes,,,,,,,,,Always,,,,,,,,,"Yes, once or twice",,,,,,,,Alcohol or drugs affected the decision,,Definitely not,Definitely not,Definitely not,Brand's own website,Department store,Hotel room / minibar,,,,,Nightclub / bar,Restaurant bathroom,,,,,choice 2,Looks most premium,,,Most discreet,,Looks highest quality,,,,,,choice 1,,,,,,,,,I like the colours,,,129 SEK,,completed,2026-08-21 10:22:02,,2026-08-21 10:32:38,4bde8d7be3,,"Thank you for taking part 
in the BEAR condoms survey!"
a2ogo21ohcxnxs521o0sca2ogo2104sw,33 to 38,Sweden,Woman,,Heterosexual,,Single,Frequently,With a new partner,Casual sex,,When travelling,I always use condoms,,Both STI and pregnancy protection,Always,,Durex,,,,,,,Me,,,,,Online,,,,,,,Safety / trust,,,Price,,,,,Availability,,Often,,,,,,,,,Always,,,,,,,,,"Yes, several times",,,,,We relied on another form of contraception,,,,,Probably,Probably,Definitely,,,,Pharmacy,,,,,,,,,,choice 2,Looks most premium,,,Most discreet,,,,,,,,choice 4,Looks most premium,,,Most discreet,,,,,,,,189 SEK,,completed,2026-08-21 10:20:56,,2026-08-21 10:29:09,e361e1ff95,,"Thank you for taking part 
in the BEAR condoms survey!"
i65faud9vkll2wipf9nani65faud9vv8,28 to 33,Sweden,Woman,,Heterosexual,,Married,No,With a new partner,,,,,,Both STI and pregnancy protection,Rarely,,,,,,,I don't remember,,My partner,,Pharmacy,,,,,,,,,,Safety / trust,Fit,,Price,,,,,,,Never,I don't expect to need one,,,,,,,,Never,I don't expect to need them,,,,,,,,"Yes, once or twice",,We didn't want to interrupt the moment,,,,,,,,Probably not,Probably not,Probably not,,Department store,,Pharmacy,Supermarket,Convenience store,,Nightclub / bar,,,,,,choice 2,Looks most premium,,,,,,,,,,,choice 4,,Looks most stylish,,,,,,,,,,169 SEK,,completed,2026-08-21 10:08:23,,2026-08-21 10:13:10,1d91f96c63,,"Thank you for taking part 
in the BEAR condoms survey!"
yux42j6f3k2m341yux42de2dftvgenbm,Below 23,Sweden,Woman,,Heterosexual,,In a relationship,No,,Casual sex,,,,,Protection against STIs,Never,,,,,,I never buy condoms,,,Both of us,,,,,Online,,,,,,,Safety / trust,Fit,,,,Packaging / design,,,,,Never,,,,,,,I don't use condoms often,,Never,,,,I don't like using condoms,,I don't want condoms visible at home,I don't like the way the packaging looks,,No,,,,,,,,,,Probably not,Probably,Definitely,,Department store,,Pharmacy,Supermarket,,,,,,,,,choice 4,,Looks most stylish,,Most discreet,,Looks highest quality,,I would be comfortable leaving it visible at home,,,,choice 4,Looks most premium,Looks most stylish,,,,,,,,,,149 SEK,,completed,2026-08-21 10:06:58,,2026-08-21 10:10:23,15bd8ccd09,,"Thank you for taking part 
in the BEAR condoms survey!"
3jzrpgddwtjjfg5v3jzyiigcy0npguy7,28 to 33,Sweden,Woman,,Heterosexual,,Living with a partner,Once or twice,With a new partner,,,,,,Pregnancy prevention,Likely,,,,,,I never buy condoms,,,My partner,,,,,,,,,,,Not applicable,Safety / trust,Fit,,,,,,,Availability,,Never,I don't expect to need one,,,,,,,,Rarely,,,I'm in a relationship and use another contraceptive method,,,,,,"Yes, once or twice",Neither of us had one,,,,,,,,,Definitely not,Definitely not,Probably,,,,,,,,Nightclub / bar,,,,,,choice 1,,Looks most stylish,,,,,,,I like the colours,,,choice 3,,Looks most stylish,,,,,,,I like the colours,,,149 SEK,,completed,2026-08-21 10:05:29,,2026-08-21 10:09:34,b9484456b1,,"Thank you for taking part 
in the BEAR condoms survey!"
aisowc9jwcjl7vzyaisxjanj2k5eywkp,33 to 38,Sweden,Woman,,Heterosexual,,Single,No,,,,,,Never lol,Pregnancy prevention,Rarely,,,,,,I never buy condoms,,,My partner,,,,,,,,,,,,,Fit,Lubrication,,,Packaging / design,,,,,Never,,,,,,,I don't use condoms often,,Never,,,,I don't like using condoms,,,,,"Yes, once or twice",,We didn't want to interrupt the moment,,,,,,,,Probably,Probably,Probably,,,Hotel room / minibar,Pharmacy,Supermarket,Convenience store,Fashion / concept store,,,,,,,choice 4,,Looks most stylish,,,,,,,,,,choice 2,,Looks most stylish,,,,,,,,,,Less than 129 SEK,,completed,2026-08-21 10:04:37,,2026-08-21 10:09:28,672a6261f1,,"Thank you for taking part 
in the BEAR condoms survey!"
79z5js8qn1isf9ao79z5szuqm1b3nklk,23 to 28,Sweden,Man,,Heterosexual,,Single,Occasionally,With a new partner,,,When travelling,,,Both STI and pregnancy protection,Rarely,RFSU,,,,,,,,Me,,,,,,,,,,,,Safety / trust,Fit,,,Brand,,,,,,Always,,,,,,,,,Always,,,,,,,,,"Yes, several times",Neither of us had one,We didn't want to interrupt the moment,,I felt awkward suggesting it,,,,Alcohol or drugs affected the decision,,Maybe,Probably not,Probably not,,,,,Supermarket,Convenience store,,,,,,,,choice 2,,Looks most stylish,Feels most trustworthy,,,Looks highest quality,,,,,,choice 3,,Looks most stylish,,,,,I would feel comfortable carrying it,,I like the colours,,,149 SEK,,completed,2026-08-21 09:47:42,,2026-08-21 09:51:51,f140b6a267,,"Thank you for taking part 
in the BEAR condoms survey!"
